4,Afghanistan,AF
8,Albania,AL
12,Algeria,DZ
20,Andorra,AD
24,Angola,AO
28,Antigua and Barbuda,AG
32,Argentina,AR
51,Armenia,AM
36,Australia,AU
40,Austria,AT
31,Azerbaijan,AZ
44,Bahamas,BS
48,Bahrain,BH
50,Bangladesh,BD
52,Barbados,BB
112,Belarus,BY
56,Belgium,BE
84,Belize,BZ
204,Benin,BJ
64,Bhutan,BT
68,Bolivia (Plurinational State of),BO
70,Bosnia and Herzegovina,BA
72,Botswana,BW
76,Brazil,BR
96,Brunei Darussalam,BN
100,Bulgaria,BG
854,Burkina Faso,BF
108,Burundi,BI
132,Cabo Verde,CV
116,Cambodia,KH
120,Cameroon,CM
124,Canada,CA
140,Central African Republic,CF
148,Chad,TD
152,Chile,CL
156,China,CN
170,Colombia,CO
174,Comoros,KM
178,Congo,CG
180,Democratic Republic of the Congo,CD
188,Costa Rica,CR
384,CÃ´te d'Ivoire,CI
191,Croatia,HR
192,Cuba,CU
196,Cyprus,CY
203,Czechia,CZ
208,Denmark,DK
262,Djibouti,DJ
212,Dominica,DM
214,Dominican Republic,DO
218,Ecuador,EC
818,Egypt,EG
222,El Salvador,SV
226,Equatorial Guinea,GQ
232,Eritrea,ER
233,Estonia,EE
748,Eswatini,SZ
231,Ethiopia,ET
242,Fiji,FJ
246,Finland,FI
250,France,FR
266,Gabon,GA
270,Gambia,GM
268,Georgia,GE
276,Germany,DE
288,Ghana,GH
300,Greece,GR
308,Grenada,GD
320,Guatemala,GT
324,Guinea,GN
624,Guinea-Bissau,GW
328,Guyana,GY
332,Haiti,HT
340,Honduras,HN
348,Hungary,HU
352,Iceland,IS
356,India,IN
360,Indonesia,ID
364,Iran (Islamic Republic of),IR
368,Iraq,IQ
372,Ireland,IE
376,Israel,IL
380,Italy,IT
388,Jamaica,JM
392,Japan,JP
400,Jordan,JO
398,Kazakhstan,KZ
404,Kenya,KE
296,Kiribati,KI
408,North Korea,KP
410,South Korea,KR
414,Kuwait,KW
417,Kyrgyzstan,KG
418,Lao People's Democratic Republic,LA
428,Latvia,LV
422,Lebanon,LB
426,Lesotho,LS
430,Liberia,LR
434,Libya,LY
438,Liechtenstein,LI
440,Lithuania,LT
442,Luxembourg,LU
450,Madagascar,MG
454,Malawi,MW
458,Malaysia,MY
462,Maldives,MV
466,Mali,ML
470,Malta,MT
584,Marshall Islands,MH
478,Mauritania,MR
480,Mauritius,MU
484,Mexico,MX
583,Micronesia (Federated States of),FM
498,Moldova Republic of Moldova,MD
492,Monaco,MC
496,Mongolia,MN
499,Montenegro,ME
504,Morocco,MA
508,Mozambique,MZ
104,Myanmar,MM
516,Namibia,NA
520,Nauru,NR
524,Nepal,NP
528,Netherlands,NL
554,New Zealand,NZ
558,Nicaragua,NI
562,Niger,NE
566,Nigeria,NG
807,North Macedonia,MK
578,Norway,NO
512,Oman,OM
586,Pakistan,PK
585,Palau,PW
591,Panama,PA
598,Papua New Guinea,PG
600,Paraguay,PY
604,Peru,PE
608,Philippines,PH
616,Poland,PL
620,Portugal,PT
634,Qatar,QA
642,Romania,RO
643,Russian Federation,RU
646,Rwanda,RW
659,Saint Kitts and Nevis,KN
662,Saint Lucia,LC
670,Saint Vincent and the Grenadines,VC
882,Samoa,WS
674,San Marino,SM
678,Sao Tome and Principe,ST
682,Saudi Arabia,SA
686,Senegal,SN
688,Serbia,RS
690,Seychelles,SC
694,Sierra Leone,SL
702,Singapore,SG
703,Slovakia,SK
705,Slovenia,SI
90,Solomon Islands,SB
706,Somalia,SO
710,South Africa,ZA
728,South Sudan,SS
724,Spain,ES
144,Sri Lanka,LK
729,Sudan,SD
740,Suriname,SR
752,Sweden,SE
756,Switzerland,CH
760,Syrian Arab Republic,SY
762,Tajikistan,TJ
834,United Republic of Tanzania,TZ
764,Thailand,TH
626,Timor-Leste,TL
768,Togo,TG
776,Tonga,TO
780,Trinidad and Tobago,TT
788,Tunisia,TN
792,Turkey,TR
795,Turkmenistan,TM
798,Tuvalu,TV
800,Uganda,UG
804,Ukraine,UA
784,United Arab Emirates,AE
826,United Kingdom,GB
840,United States,US
858,Uruguay,UY
860,Uzbekistan,UZ
548,Vanuatu,VU
862,Venezuela,VE
704,Vietnam,VN
887,Yemen,YE
894,Zambia,ZM
716,Zimbabwe,ZW